id,company_name,jurisdiction,report_date,report_url
0,COOPER MARKETS s.r.o,Czech Republic,27 Nov 2020,https://www.cnb.cz/en/supervision-financial-market/consumer-protection-and-financial-literacy/consumer-protection/notices-about-activities/Notice-about-the-activities-of-COOPER-MARKETS-s.r.o./
1,Zurich Markets Limited,Switzerland,27 Nov 2020,https://www.finma.ch/en/finma-public/warning-list/zurich-markets-limited/
2,Inquot Investing Group,Switzerland,27 Nov 2020,https://www.finma.ch/en/finma-public/warning-list/inquot-investing-group/
3,iAlphagroup,Portugal,26 Nov 2020,https://www.cmvm.pt/en/SDI/FinancialIntermediaries/Pages/20201126.aspx?v=
4,Novak Peter Financial Advisors & Solutions (Clone of EEA authorised firm),United Kingdom,26 Nov 2020,https://www.fca.org.uk/news/warnings/novak-peter-financial-advisors-solutions-clone-eea-authorised-firm
5,Novak Peter Financial Advisors & Solutions (Clone of EEA authorised firm),United Kingdom,26 Nov 2020,https://www.fca.org.uk/news/warnings/novak-peter-financial-advisors-solutions-clone-eea-authorised-firm
6,24 News Trade,United Kingdom,26 Nov 2020,https://www.fca.org.uk/news/warnings/24-news-trade
7,TradeTime / Trade Time (trading name of Capital Process Ltd),United Kingdom,26 Nov 2020,https://www.fca.org.uk/news/warnings/tradetime-trade-time-trading-name-capital-process-ltd
8,Blockchain Ltd / Blockchain.com (clone of FCA authorised firm),United Kingdom,26 Nov 2020,https://www.fca.org.uk/news/warnings/blockchain-ltd-blockchaincom-clone-fca-authorised-firm
9,McLaren Asset Management (clone of EEA authorised firm),United Kingdom,26 Nov 2020,https://www.fca.org.uk/news/warnings/mclaren-asset-management-clone-eea-authorised-firm
10,Escrow Services Limited / Escrow Services Limited Asset Management Limited,Hong Kong,26 Nov 2020,https://www.sfc.hk/en/alert-list/2659
11,UK Bonds Company,United Kingdom,25 Nov 2020,https://www.fca.org.uk/news/warnings/uk-bonds-company
12,https://market.wikifx.hk,Hong Kong,25 Nov 2020,https://www.sfc.hk/en/alert-list/2658
13,Ubrokers / Ubrokers.com,United Kingdom,24 Nov 2020,https://www.fca.org.uk/news/warnings/ubrokers-ubrokerscom
14,Cater Allen Private Banking,United Kingdom,24 Nov 2020,https://www.fca.org.uk/news/warnings/cater-allen-clone
15,Golden Hill Corporate sp. z o.o.,Poland,24 Nov 2020,https://www.knf.gov.pl/en/CONSUMERS/Information_for_the_financial_market_consumers/Public_warnings
16,SwissKapital,Austria,24 Nov 2020,https://www.fma.gv.at/en/swisskapital/
17,Steiner Greves,Austria,24 Nov 2020,https://www.fma.gv.at/en/steiner-greves/
18,www.skyway.capital/,Austria,24 Nov 2020,https://www.fma.gv.at/en/www-skyway-capital/
19,YuanPay Group,New Zealand,23 Nov 2020,https://www.fma.govt.nz/news-and-resources/warnings-and-alerts/yuanpay-group/?stage=Stage
20,Winn Group Ltd,New Zealand,23 Nov 2020,https://www.fma.govt.nz/news-and-resources/warnings-and-alerts/winn-group-ltd/?stage=Stage
21,bslcorporationltd.co,New Zealand,23 Nov 2020,https://www.fma.govt.nz/news-and-resources/warnings-and-alerts/bsl-corporation-ltd/?stage=Stage
22,Axes LLC,New Zealand,23 Nov 2020,https://www.fma.govt.nz/news-and-resources/warnings-and-alerts/axes-llc/?stage=Stage
23,Absolute Global Marketing,New Zealand,23 Nov 2020,https://www.fma.govt.nz/news-and-resources/warnings-and-alerts/absolute-global-marketing/?stage=Stage
24,Elezeno Capital,New Zealand,23 Nov 2020,https://www.fma.govt.nz/news-and-resources/warnings-and-alerts/elezeno-capital/?stage=Stage
25,NZ Shell Catalysts & Technologies Limited,New Zealand,23 Nov 2020,https://www.fma.govt.nz/news-and-resources/warnings-and-alerts/nz-shell-catalysts-and-technologies-limited/?stage=Stage
26,JC Capital Ltd.,Ontario,23 Nov 2020,https://www.osc.gov.on.ca/en/Investors_warning-list_index.htm
27,WWW.COMOVIVIRDELTRADING.ES,Spain,23 Nov 2020,https://www.cnmv.es/Portal/ResultadoBusqueda.aspx?tipo=1&nombre=WWW.COMOVIVIRDELTRADING.ES
28,WWW.WTCINVERSION.COM,Spain,23 Nov 2020,https://www.cnmv.es/Portal/ResultadoBusqueda.aspx?tipo=1&nombre=WWW.WTCINVERSION.COM
29,WWW.ANGELESINVERSIONISTAS.ES,Spain,23 Nov 2020,https://www.cnmv.es/Portal/ResultadoBusqueda.aspx?tipo=1&nombre=WWW.ANGELESINVERSIONISTAS.ES
30,HTTPS://GMTMARKET.COM,Spain,23 Nov 2020,https://www.cnmv.es/Portal/ResultadoBusqueda.aspx?tipo=1&nombre=GMTMARKET.COM
31,Online-Trading.io,United Kingdom,23 Nov 2020,https://www.fca.org.uk/news/warnings/wwwonline-tradingio
32,The Royal London Mutual Insurance Society Limited,United Kingdom,23 Nov 2020,https://www.fca.org.uk/news/warnings/royal-london-mutual-insurance-society-limited-clone-fca-authorised-firms
33,Q Teck,United Kingdom,23 Nov 2020,https://www.fca.org.uk/news/warnings/q-teck
34,FG Markets,Portugal,23 Nov 2020,https://www.cmvm.pt/en/SDI/FinancialIntermediaries/Pages/20201123d.aspx?v=
35,Invest In Film,United Kingdom,23 Nov 2020,https://www.fca.org.uk/news/warnings/invest-film
36,"Hbc Market Ltd and Zentrale Zahlstelle Ltd, GAM Group Ltd and Llc,
 Ic Prime Broker, ""Iacademy"", ""Mibtrades"", ForTradersFx Ltd",Italy,23 Nov 2020,http://www.consob.it/web/consob-and-its-activities/warnings?viewId=ultime_com_tutela
37,"Arbistar 2.0, S.L., “Mistertrader” and “Redfin Capital”, Maginito 
Services Ltd and NBG Market (KI) Limited, “European Trade 24” and 
“Allegra TM”  “Pro Star”",Italy,23 Nov 2020,http://www.consob.it/web/consob-and-its-activities/warnings?viewId=ultime_com_tutela
38,http://yuandaqihuogongsi.b58b.com,Hong Kong,23 Nov 2020,https://www.sfc.hk/en/alert-list/2657
39,https://caelusasset.com,Hong Kong,23 Nov 2020,https://www.sfc.hk/en/alert-list/2656
40,Fraudulent online trading platforms,Belgium,23 Nov 2020,https://www.fsma.be/en/warnings/fraudulent-online-trading-platforms-fsma-updates-its-list-suspicious-sites-3
41,www.qdyywlkj.com,Hong Kong,23 Nov 2020,https://www.sfc.hk/TC/alert-list/2655
42,Concord Financial Consult Ltd,Belgium,23 Nov 2020,https://www.fsma.be/en/warnings/concord-financial-consult-ltd
43,Arrow Capital,Portugal,23 Nov 2020,https://www.cmvm.pt/en/SDI/FinancialIntermediaries/Pages/20201123b.aspx?v=
44,Ai Markets,Switzerland,23 Nov 2020,https://www.finma.ch/en/finma-public/warning-list/ai-markets/
45,www.zzqhgj.com,Hong Kong,23 Nov 2020,https://www.sfc.hk/en/alert-list/2653
46,FVA Finance Limited,Hong Kong,23 Nov 2020,https://www.sfc.hk/en/alert-list/2652
47,https://cescaptial.com,Hong Kong,23 Nov 2020,https://www.sfc.hk/en/alert-list/2651
48,Bond Supermarket UK,United Kingdom,20 Nov 2020,https://www.fca.org.uk/news/warnings/bond-supermarket-uk
49,compareinvestmentoptions.co.uk,United Kingdom,20 Nov 2020,https://www.fca.org.uk/news/warnings/topukpropertybondscouk-findtopukbondscouk-compareratebondscouk-compareinvestmentoptionscouk
50,Investment Finder a trading name of London Choice Investments,United Kingdom,20 Nov 2020,https://www.fca.org.uk/news/warnings/investment-finder-trading-name-london-choice-investments
51,CloudForexOptions,British Columbia,19 Nov 2020,https://www.bcsc.bc.ca/enforcement/early-intervention/investment-caution-list/2020/cloudforexoptions
52,Ebitcoino Limited,British Columbia,19 Nov 2020,https://www.bcsc.bc.ca/enforcement/early-intervention/investment-caution-list
53,Canada-Crypto.com,British Columbia,19 Nov 2020,https://www.bcsc.bc.ca/enforcement/early-intervention/investment-caution-list/2020/canada-crypto
54,Cash Forex Group,British Columbia,19 Nov 2020,https://www.bcsc.bc.ca/enforcement/early-intervention/investment-caution-list/2020/cash-forex-group
55,ExpressOptions247,British Columbia,19 Nov 2020,https://www.bcsc.bc.ca/enforcement/early-intervention/investment-caution-list/2020/expressoptions247
56,UK Best Bonds,United Kingdom,19 Nov 2020,https://www.fca.org.uk/news/warnings/uk-best-bonds
57,Runwill sp. z o.o.,Poland,19 Nov 2020,https://www.knf.gov.pl/en/CONSUMERS/Information_for_the_financial_market_consumers/Public_warnings
58,Top-Up Finance Ltd/ Topup Finance LTD/ Topup Finance (Clone of FCA authorised firm),United Kingdom,19 Nov 2020,https://www.fca.org.uk/news/warnings/top-finance-ltd-topup-finance-ltd-topup-finance-clone-fca-authorised-firm
59,CIB Bank (clone of EEA authorised firm),United Kingdom,19 Nov 2020,https://www.fca.org.uk/news/warnings/cib-bank-clone-eea-authorised-firm
60,Allianz Investor Relations (clone of EEA authorised firms),United Kingdom,19 Nov 2020,https://www.fca.org.uk/news/warnings/allianz-investor-relations-clone-eea-authorised-firms
61,Preston Chapman Consulting Group LLC/Preston-Chapman Consulting Group LLC,United Kingdom,19 Nov 2020,https://www.fca.org.uk/news/warnings/preston-chapman-consulting-group-llc-preston-chapman-consulting-group-llc
62,Bubblext,Switzerland,19 Nov 2020,https://www.finma.ch/en/finma-public/warning-list/bubblext/
63,www.chgadvisors.com,Hong Kong,19 Nov 2020,https://www.sfc.hk/en/alert-list/2650
64,UK Bond Search,United Kingdom,18 Nov 2020,https://www.fca.org.uk/news/warnings/uk-bond-search
65,website www.capfinance-gestion.com,Luxembourg,18 Nov 2020,https://www.cssf.lu/en/2020/11/warning-regarding-the-website-www-capfinance-gestion-com/
66,MDX500,Switzerland,18 Nov 2020,https://www.finma.ch/en/finma-public/warning-list/mdx500/
67,Legendary Learning and Tradinvest,France,18 Nov 2020,https://www.amf-france.org/en/news-publications/news-releases/amf-news-releases/amf-urges-retail-investors-exercise-greatest-vigilance-towards-certain-activities-proposed-laurent
68,"4FXLUXUS Pvt Ltd and Global Pegasus LTD, Pure M Global Limited, Giuseppe Eros Lana, FS International LTD, Evergo Ltd",Italy,18 Nov 2020,http://www.consob.it/web/consob-and-its-activities/warnings?viewId=ultime_com_tutela
69,http://hrgj168.com,Hong Kong,18 Nov 2020,https://www.sfc.hk/en/alert-list/2649
70,Dreyfus Corporation,Switzerland,18 Nov 2020,https://www.finma.ch/en/finma-public/warning-list/dreyfus-corporation/
71,BUY UK BONDS,United Kingdom,17 Nov 2020,https://www.fca.org.uk/news/warnings/buy-uk-bonds
72,Fixed Savers Ltd,United Kingdom,17 Nov 2020,https://www.fca.org.uk/news/warnings/fixed-savers-ltd
73,Best Investments,United Kingdom,17 Nov 2020,https://www.fca.org.uk/news/warnings/best-investment
74,Bachman & Barber Securities LLC,United Kingdom,17 Nov 2020,https://www.fca.org.uk/news/warnings/bachman-barber-securities-llc
75,Mycoinology,United Kingdom,17 Nov 2020,https://www.fca.org.uk/news/warnings/mycoinology
76,Logic IQ LLP,Switzerland,17 Nov 2020,https://www.finma.ch/en/finma-public/warning-list/logic-iq-llp/
77,AG3 Partners GmbH,Switzerland,17 Nov 2020,https://www.finma.ch/en/finma-public/warning-list/ag3-partners-gmbh/
78,Advance Kredit Plus GmbH,Switzerland,17 Nov 2020,https://www.finma.ch/en/finma-public/warning-list/advance-kredit-plus-gmbh/
79,https://worldmarkets.com/,Spain,16 Nov 2020,https://www.cnmv.es/Portal/ResultadoBusqueda.aspx?tipo=1&nombre=worldmarkets.com/
80,https://mastertradingfx.com,Spain,16 Nov 2020,https://www.cnmv.es/Portal/ResultadoBusqueda.aspx?tipo=1&nombre=mastertradingfx.com
81,https://stocklux.co/,Spain,16 Nov 2020,https://www.cnmv.es/Portal/ResultadoBusqueda.aspx?tipo=1&nombre=stocklux.co/
82,https://finance-intl.com/es/,Spain,16 Nov 2020,https://www.cnmv.es/Portal/ResultadoBusqueda.aspx?tipo=1&nombre=finance-intl.com/es/
83,https://royaltyfinance.io/,Spain,16 Nov 2020,https://www.cnmv.es/Portal/ResultadoBusqueda.aspx?tipo=1&nombre=royaltyfinance.io/
84,https://energy-markets.io/es/,Spain,16 Nov 2020,https://www.cnmv.es/Portal/ResultadoBusqueda.aspx?tipo=1&nombre=energy-markets.io/es/
85,https://www.sfx247.com/,Spain,16 Nov 2020,https://www.cnmv.es/Portal/ResultadoBusqueda.aspx?tipo=1&nombre=www.sfx247.com/
86,https://bsb-global.io/,Spain,16 Nov 2020,https://www.cnmv.es/Portal/ResultadoBusqueda.aspx?tipo=1&nombre=bsb-global.io/
87,https://intrgroups.com/,Spain,16 Nov 2020,https://www.cnmv.es/Portal/ResultadoBusqueda.aspx?tipo=1&nombre=intrgroups.com/
88,https://tradeit-brokerhouse.com/,Spain,16 Nov 2020,https://www.cnmv.es/Portal/ResultadoBusqueda.aspx?tipo=1&nombre=tradeit-brokerhouse.com/
89,www.wealthcapital.fm/es,Spain,16 Nov 2020,https://www.cnmv.es/Portal/ResultadoBusqueda.aspx?tipo=1&nombre=www.wealthcapital.fm/es
90,https://crypto-course.ltd/,Spain,16 Nov 2020,https://www.cnmv.es/Portal/ResultadoBusqueda.aspx?tipo=1&nombre=crypto-course.ltd/
91,https://swiftcryptofx.com/,Spain,16 Nov 2020,https://www.cnmv.es/Portal/ResultadoBusqueda.aspx?tipo=1&nombre=swiftcryptofx.com/
92,https://quantfury.com/es/,Spain,16 Nov 2020,https://www.cnmv.es/Portal/ResultadoBusqueda.aspx?tipo=1&nombre=quantfury.com/es/
93,https://es.eurswiss.com/,Spain,16 Nov 2020,https://www.cnmv.es/Portal/ResultadoBusqueda.aspx?tipo=1&nombre=es.eurswiss.com/
94,https://moontradefx.com/,Spain,16 Nov 2020,https://www.cnmv.es/Portal/ResultadoBusqueda.aspx?tipo=1&nombre=moontradefx.com/
95,https://fxg.market/,Spain,16 Nov 2020,https://www.cnmv.es/Portal/ResultadoBusqueda.aspx?tipo=1&nombre=fxg.market/
96,www.24tradex.com,Spain,16 Nov 2020,https://www.cnmv.es/Portal/ResultadoBusqueda.aspx?tipo=1&nombre=www.24tradex.com
97,www.duxacapital.com,Spain,16 Nov 2020,https://www.cnmv.es/Portal/ResultadoBusqueda.aspx?tipo=1&nombre=www.duxacapital.com
98,https://platinumproinvestment.com,Spain,16 Nov 2020,https://www.cnmv.es/Portal/ResultadoBusqueda.aspx?tipo=1&nombre=platinumproinvestment.com
99,http://pecuniaco.com,Spain,16 Nov 2020,https://www.cnmv.es/Portal/ResultadoBusqueda.aspx?tipo=1&nombre=pecuniaco.com
100,https://globalfxs.org/?lang=esp,Spain,16 Nov 2020,https://www.cnmv.es/Portal/ResultadoBusqueda.aspx?tipo=1&nombre=globalfxs.org/
101,www.fxpertos.com/,Spain,16 Nov 2020,https://www.cnmv.es/Portal/ResultadoBusqueda.aspx?tipo=1&nombre=www.fxpertos.com/
102,www.fortunetradefx.com  (CLON),Spain,16 Nov 2020,https://www.cnmv.es/Portal/ResultadoBusqueda.aspx?tipo=1&nombre=www.fortunetradefx.com%20%20(CLON)
103,https://cryptocashfx.com,Spain,16 Nov 2020,https://www.cnmv.es/Portal/ResultadoBusqueda.aspx?tipo=1&nombre=cryptocashfx.com
104,https://binarytrades24.com/,Spain,16 Nov 2020,https://www.cnmv.es/Portal/ResultadoBusqueda.aspx?tipo=1&nombre=binarytrades24.com/
105,https://alpinumcg.com/,Spain,16 Nov 2020,https://www.cnmv.es/Portal/ResultadoBusqueda.aspx?tipo=1&nombre=alpinumcg.com/
106,https://24primeoption.com/,Spain,16 Nov 2020,https://www.cnmv.es/Portal/ResultadoBusqueda.aspx?tipo=1&nombre=24primeoption.com/
107,https://nimbusplatform.io,Spain,16 Nov 2020,https://www.cnmv.es/Portal/ResultadoBusqueda.aspx?tipo=1&nombre=nimbusplatform.io
108,www.posedonfx.com,Spain,16 Nov 2020,https://www.cnmv.es/Portal/ResultadoBusqueda.aspx?tipo=1&nombre=www.posedonfx.com
109,https://atlasfx.co/index.html,Spain,16 Nov 2020,https://www.cnmv.es/Portal/ResultadoBusqueda.aspx?tipo=1&nombre=atlasfx.co/index.html
110,British Bitcoin Profits,United Kingdom,16 Nov 2020,https://www.fca.org.uk/news/warnings/british-bitcoin-profits
111,Compare ROI,United Kingdom,16 Nov 2020,https://www.fca.org.uk/news/warnings/compare-roi
112,website www.otc-markets.eu,Luxembourg,16 Nov 2020,https://www.cssf.lu/en/2020/11/warning-concerning-the-website-www-otc-markets-eu/
113,compareratebonds.co.uk,United Kingdom,16 Nov 2020,https://www.fca.org.uk/news/warnings/topukpropertybondscouk-findtopukbondscouk-compareratebondscouk
114,Compareinvestments.co,United Kingdom,16 Nov 2020,https://www.fca.org.uk/news/warnings/compareinvestmentsco
115,Investment finder,United Kingdom,16 Nov 2020,https://www.fca.org.uk/news/warnings/investment-finder
116,The Cube Fund EU,United Kingdom,16 Nov 2020,https://www.fca.org.uk/news/warnings/cube-fund-eu
117,Mango Money Markets,United Kingdom,16 Nov 2020,https://www.fca.org.uk/news/warnings/mango-money-markets
118,Bitcoin Future,New Zealand,15 Nov 2020,https://www.fma.govt.nz/news-and-resources/warnings-and-alerts/bitcoin-future/
119,Yifeng Meng and Ling Sen Luo,New Zealand,15 Nov 2020,https://www.fma.govt.nz/news-and-resources/warnings-and-alerts/yifeng-meng-and-ling-sen-luo/
120,Insta Credit Finance,United Kingdom,13 Nov 2020,https://www.fca.org.uk/news/warnings/insta-credit-finance
121,UK Bond Central,United Kingdom,13 Nov 2020,https://www.fca.org.uk/news/warnings/uk-bond-central
122,GCG International,Luxembourg,13 Nov 2020,https://www.cssf.lu/en/2020/11/warning-regarding-the-activities-of-an-entity-named-gcg-international/
123,website www.energie-5.com,Luxembourg,13 Nov 2020,https://www.cssf.lu/en/2020/11/warning-concerning-the-website-https-energie-5-com/
124,Middleton Associates,Hong Kong,13 Nov 2020,https://www.sfc.hk/en/alert-list/2647
125,Bank Popular,Switzerland,13 Nov 2020,https://www.finma.ch/en/finma-public/warning-list/bank-popular/
126,Wantuch Investment,Poland,12 Nov 2020,https://www.knf.gov.pl/en/CONSUMERS/Information_for_the_financial_market_consumers/Public_warnings
127,Vision Introducer Ltd t/a Money Bonds Market,United Kingdom,12 Nov 2020,https://www.fca.org.uk/news/warnings/vision-introducer-ltd-money-bonds-market
128,AXA Investment Managers / AXA plc (clone of FCA authorised firm / FCA recognised product / UK registered company),United Kingdom,12 Nov 2020,https://www.fca.org.uk/news/warnings/axa-investment-managers-axa-plc-clone-fca-authorised-firm-fca-recognised-product-uk-registered
129,Budsfx,United Kingdom,12 Nov 2020,https://www.fca.org.uk/news/warnings/budsfx
130,GKS,Hong Kong,12 Nov 2020,https://www.sfc.hk/en/alert-list/2646
131,Forge Global UK,United Kingdom,12 Nov 2020,https://www.fca.org.uk/news/warnings/forge-global-uk
132,Swiss Prime; Swiss Prime Limited,Switzerland,11 Nov 2020,https://www.finma.ch/en/finma-public/warning-list/swiss-prime/
133,Fraudulent Lenders,Quebec,11 Nov 2020,https://lautorite.qc.ca/en/general-public/media-centre/news/fiche-dactualites/warning-about-fraudulent-lenders
134,bond-invest.com,United Kingdom,11 Nov 2020,https://www.fca.org.uk/news/warnings/bond-investcom
135,Insight Investment Group/ Insight Premium (Clone of FCA authorised firm),United Kingdom,11 Nov 2020,https://www.fca.org.uk/news/warnings/insight-investment-group-clone
136,Jacob & Grunfeld (clone of EEA authorised firm),United Kingdom,11 Nov 2020,https://www.fca.org.uk/news/warnings/jacob-grunfeld-clone-eea-authorised-firm
137,RBC Capital Markets / RBC Investor & Treasury Services / RBC Financial Group (clone of authorised firm),United Kingdom,11 Nov 2020,https://www.fca.org.uk/news/warnings/rbc-capital-markets-rbc-investor-treasury-services-rbc-financial-group-clone-authorised-firm
138,Markets profit / Marketsprofit.com / Profit Market Trading (clone of FCA authorised firm),United Kingdom,11 Nov 2020,https://www.fca.org.uk/news/warnings/markets-profit-marketsprofitcom-profit-market-trading-clone-fca-authorised-firm
139,Meritkapital.co (clone of FCA authorised firm),United Kingdom,11 Nov 2020,https://www.fca.org.uk/news/warnings/meritkapitalco-clone-fca-authorised-firm
140,Deals for Loan,United Kingdom,11 Nov 2020,https://www.fca.org.uk/news/warnings/deals-loan
141,Fast Loan UK / Fast Finance UK LTD (clone of an EEA authorised firm,United Kingdom,11 Nov 2020,https://www.fca.org.uk/news/warnings/fast-loan-uk-fast-finance-uk-ltd-clone
142,Montgrand Wealth Management (Clone of an EEA authorised firm),United Kingdom,11 Nov 2020,https://www.fca.org.uk/news/warnings/montgrand-wealth-management-clone-eea-authorised-firm
143,MarginElite  /  Margin Elite,United Kingdom,11 Nov 2020,https://www.fca.org.uk/news/warnings/marginelite-margin-elite
144,Invicta-Securities (clone of FCA authorised firm),United Kingdom,11 Nov 2020,https://www.fca.org.uk/news/warnings/invicta-securities-clone-fca-authorised-firm
145,Thunder Loans,United Kingdom,11 Nov 2020,https://www.fca.org.uk/news/warnings/thunder-loans
146,Mymarketexpert.com,United Kingdom,11 Nov 2020,https://www.fca.org.uk/news/warnings/mymarketexpertcom
147,bondmarket.vip,United Kingdom,11 Nov 2020,https://www.fca.org.uk/news/warnings/bondmarketvip
148,Fixed Rates UK,United Kingdom,11 Nov 2020,https://www.fca.org.uk/news/warnings/fixed-rates-uk
149,Fixed Rate Search,United Kingdom,11 Nov 2020,https://www.fca.org.uk/news/warnings/fixed-rate-search
150,The ISA Finder,United Kingdom,11 Nov 2020,https://www.fca.org.uk/news/warnings/isa-finder
151,"Fx Leader Italia, Globalinvestfx Ltd, Fx-globalinvest Ltd, Crypto Engine, Lengvin Partners Ltd",Italy,10 Nov 2020,http://www.consob.it/web/consob-and-its-activities/warnings?viewId=ultime_com_tutela
152,search and invest,United Kingdom,10 Nov 2020,https://www.fca.org.uk/news/warnings/search-and-invest
153,Findtopukbonds.co.uk,United Kingdom,10 Nov 2020,https://www.fca.org.uk/news/warnings/topukpropertybondscouk-findtopukbondscouk
154,the-ratesclub.com,United Kingdom,10 Nov 2020,https://www.fca.org.uk/news/warnings/ratesclubcom
155,Patrycja Kojder-Orent TANIA KASA,Poland,10 Nov 2020,https://www.knf.gov.pl/en/CONSUMERS/Information_for_the_financial_market_consumers/Public_warnings
156,GDC Limited,Hong Kong,10 Nov 2020,https://www.sfc.hk/en/alert-list/2645
157,"Golden Dawn (IT), DBFX Limited, Elevate4x Ltd, Hanabishi Partners Ltd, 4EX7 Ltd",Italy,10 Nov 2020,http://www.consob.it/web/consob-and-its-activities/warnings?viewId=ultime_com_tutela
158,"Esos International Ltd and Kakedy International S.R.O, 
Royaltyfinance, Swissgems Ltd and Media Solutions Ltd, Premium Solutions
 Ltd, Broker Major Ltd",Italy,10 Nov 2020,http://www.consob.it/web/consob-and-its-activities/warnings?viewId=ultime_com_tutela
159,Evolution Trading,United Kingdom,10 Nov 2020,https://www.fca.org.uk/news/warnings/evolution-trading
160,Beforex Capital,United Kingdom,10 Nov 2020,https://www.fca.org.uk/news/warnings/beforex-capital
161,Infinity Financial Services,United Kingdom,09 Nov 2020,https://www.fca.org.uk/news/warnings/infinity-financial-services
162,DGXLTD,United Kingdom,09 Nov 2020,https://www.fca.org.uk/news/warnings/dgxltd
163,Tenants Disrepair Help,United Kingdom,09 Nov 2020,https://www.fca.org.uk/news/warnings/tenants-disrepair-help
164,InvestTeck,Portugal,09 Nov 2020,https://www.cmvm.pt/en/SDI/FinancialIntermediaries/Pages/20201109a.aspx?v=
165,website www.cosminvest-sa.com,Luxembourg,09 Nov 2020,https://www.cssf.lu/en/2020/11/warning-concerning-the-website-www-cosminvest-sa-com/
166,Avariz Group,British Columbia,07 Nov 2020,https://www.bcsc.bc.ca/enforcement/early-intervention/investment-caution-list/2020/avariz-group
167,Fx Stock Trade Income,British Columbia,07 Nov 2020,https://www.bcsc.bc.ca/enforcement/early-intervention/investment-caution-list/2020/fx-stock-trade-income
168,Skycapital,British Columbia,07 Nov 2020,https://www.bcsc.bc.ca/enforcement/early-intervention/investment-caution-list/2020/skycapital
169,Bitstakers,British Columbia,07 Nov 2020,https://www.bcsc.bc.ca/enforcement/early-intervention/investment-caution-list/2020/bitstakers
170,SENbit,British Columbia,07 Nov 2020,https://www.bcsc.bc.ca/enforcement/early-intervention/investment-caution-list/2020/senbit
171,Crypto-Miner Ltd.,British Columbia,07 Nov 2020,https://www.bcsc.bc.ca/enforcement/early-intervention/investment-caution-list/2020/crypto-miner-ltd
172,Alma Group Co Trading Ltd.,British Columbia,07 Nov 2020,https://www.bcsc.bc.ca/enforcement/early-intervention/investment-caution-list/2020/alma-group-co-trading-ltd
173,Everest Coins Invest,British Columbia,07 Nov 2020,https://www.bcsc.bc.ca/enforcement/early-intervention/investment-caution-list/2020/everest-coins-invest
174,FalconFxOption,British Columbia,07 Nov 2020,https://www.bcsc.bc.ca/enforcement/early-intervention/investment-caution-list/2020/falconfxoption
175,Marketscap,British Columbia,07 Nov 2020,https://www.bcsc.bc.ca/enforcement/early-intervention/investment-caution-list/2020/marketscap
176,Penz Trades,British Columbia,07 Nov 2020,https://www.bcsc.bc.ca/enforcement/early-intervention/investment-caution-list/2020/penz-trades
177,Nimble Options Technologies Ltd.,British Columbia,07 Nov 2020,https://www.bcsc.bc.ca/enforcement/early-intervention/investment-caution-list/2020/nimble-options-technologies-ltd
178,World Markets,British Columbia,07 Nov 2020,https://www.bcsc.bc.ca/enforcement/early-intervention/investment-caution-list/2020/world-markets
179,invest-select.com,United Kingdom,06 Nov 2020,https://www.fca.org.uk/news/warnings/invest-selectcom
180,Mortgage Audits,United Kingdom,05 Nov 2020,https://www.fca.org.uk/news/warnings/mortgage-audits
181,Charleston Corporate Partners,United Kingdom,05 Nov 2020,https://www.fca.org.uk/news/warnings/charleston-corporate-partners
182,Lane Capital Group,United Kingdom,05 Nov 2020,https://www.fca.org.uk/news/warnings/lane-capital-group
183,website www.presidioinvestmentsltd.com,Luxembourg,05 Nov 2020,https://www.cssf.lu/en/2020/11/warning-concerning-the-website-https-presidioinvestmentsltd-com/
184,Deutsche Investment Loans - Deutsche Financial Investment,Luxembourg,05 Nov 2020,https://www.cssf.lu/en/2020/11/warning-concerning-a-fraud-scheme-misusing-the-name-of-the-luxembourg-authorised-credit-institution-deutsche-bank-luxembourg-s-a/
185,UkPropertyInvestorhub.com,United Kingdom,05 Nov 2020,https://www.fca.org.uk/news/warnings/ukpropertyinvestorhub
186,UK Bond Advisory,United Kingdom,05 Nov 2020,https://www.fca.org.uk/news/warnings/uk-bond-advisory
187,UK INCOME ISAs,United Kingdom,05 Nov 2020,https://www.fca.org.uk/news/warnings/ukincomeisas
188,Topwealthinvestments.com,United Kingdom,05 Nov 2020,https://www.fca.org.uk/news/warnings/topwealthinvestmentscom
189,Bigstonemax,United Kingdom,05 Nov 2020,https://www.fca.org.uk/news/warnings/bigstonemax
190,Ukbondcompany.com,United Kingdom,05 Nov 2020,https://www.fca.org.uk/news/warnings/ukbondcompany
191,Carrera Corporation Ltd,New Zealand,05 Nov 2020,https://www.fma.govt.nz/news-and-resources/warnings-and-alerts/carrera-corporation-ltd
192,Sotafin,Belgium,04 Nov 2020,https://www.fsma.be/en/warnings/sotafin
193,Milecljk Bank,Belgium,04 Nov 2020,https://www.fsma.be/en/warnings/milecljk-bank
194,Krediet S.A.,Belgium,04 Nov 2020,https://www.fsma.be/en/warnings/krediet-sa
195,FNP Diensten,Belgium,04 Nov 2020,https://www.fsma.be/en/warnings/fnp-diensten
196,Eeden Lening,Belgium,04 Nov 2020,https://www.fsma.be/en/warnings/eeden-lening
197,Easy Loans / Allinone Loans,Belgium,04 Nov 2020,https://www.fsma.be/en/warnings/easy-loans-allinone-loans
198,Dringende lening,Belgium,04 Nov 2020,https://www.fsma.be/en/warnings/dringende-lening
199,RMItrade,United Kingdom,04 Nov 2020,https://www.fca.org.uk/news/warnings/rmitrade
200,HTTPS://EURIZONCAPITALSPAIN.COM/  (CLON),Spain,03 Nov 2020,https://www.cnmv.es/Portal/ResultadoBusqueda.aspx?tipo=1&nombre=EURIZONCAPITALSPAIN.COM/%20%20(CLON)
201,WWW.THEFARLIMITED.COM,Spain,03 Nov 2020,https://www.cnmv.es/Portal/ResultadoBusqueda.aspx?tipo=1&nombre=WWW.THEFARLIMITED.COM
202,WWW.BDVMARKETS.COM/,Spain,03 Nov 2020,https://www.cnmv.es/Portal/ResultadoBusqueda.aspx?tipo=1&nombre=WWW.BDVMARKETS.COM/
203,HTTPS://KRIPTO.MX/,Spain,03 Nov 2020,https://www.cnmv.es/Portal/ResultadoBusqueda.aspx?tipo=1&nombre=KRIPTO.MX/
204,HTTPS://BITRANE.COM,Spain,03 Nov 2020,https://www.cnmv.es/Portal/ResultadoBusqueda.aspx?tipo=1&nombre=BITRANE.COM
205,WWW.XIFRALIFESTYLE.COM,Spain,03 Nov 2020,https://www.cnmv.es/Portal/ResultadoBusqueda.aspx?tipo=1&nombre=WWW.XIFRALIFESTYLE.COM
206,HTTPS://ES.UBANKER.COM/,Spain,03 Nov 2020,https://www.cnmv.es/Portal/ResultadoBusqueda.aspx?tipo=1&nombre=ES.UBANKER.COM/
207,WWW.TRADETIME.COM,Spain,03 Nov 2020,https://www.cnmv.es/Portal/ResultadoBusqueda.aspx?tipo=1&nombre=WWW.TRADETIME.COM
208,HTTPS://TONTINEINVESTMENT.ORG/,Spain,03 Nov 2020,https://www.cnmv.es/Portal/ResultadoBusqueda.aspx?tipo=1&nombre=TONTINEINVESTMENT.ORG/
209,HTTPS://GLOBALWEALTHINVESTMENT.COM/,Spain,03 Nov 2020,https://www.cnmv.es/Portal/ResultadoBusqueda.aspx?tipo=1&nombre=GLOBALWEALTHINVESTMENT.COM/
210,HTTPS://CRYPTOLIMITED.NET,Spain,03 Nov 2020,https://www.cnmv.es/Portal/ResultadoBusqueda.aspx?tipo=1&nombre=CRYPTOLIMITED.NET
211,HTTPS://REDFINSTOCKS.COM/ES,Spain,03 Nov 2020,https://www.cnmv.es/Portal/ResultadoBusqueda.aspx?tipo=1&nombre=REDFINSTOCKS.COM/ES
212,HTTPS://SKYCAPITAL.CC/ES/,Spain,03 Nov 2020,https://www.cnmv.es/Portal/ResultadoBusqueda.aspx?tipo=1&nombre=SKYCAPITAL.CC/ES/
213,HTTPS://LONEROBOT.LTD/,Spain,03 Nov 2020,https://www.cnmv.es/Portal/ResultadoBusqueda.aspx?tipo=1&nombre=LONEROBOT.LTD/
214,HTTPS://PUMABROKER.COM/?LANG=ES,Spain,03 Nov 2020,https://www.cnmv.es/Portal/ResultadoBusqueda.aspx?tipo=1&nombre=PUMABROKER.COM/
215,HTTPS://PREMIERFXT.COM/,Spain,03 Nov 2020,https://www.cnmv.es/Portal/ResultadoBusqueda.aspx?tipo=1&nombre=PREMIERFXT.COM/
216,HTTPS://FXTPREMIER.COM/,Spain,03 Nov 2020,https://www.cnmv.es/Portal/ResultadoBusqueda.aspx?tipo=1&nombre=FXTPREMIER.COM/
217,HTTPS://PREMIERFXTRADE.COM/,Spain,03 Nov 2020,https://www.cnmv.es/Portal/ResultadoBusqueda.aspx?tipo=1&nombre=PREMIERFXTRADE.COM/
218,HTTPS://CENTRALINVESTMENTS.US/,Spain,03 Nov 2020,https://www.cnmv.es/Portal/ResultadoBusqueda.aspx?tipo=1&nombre=CENTRALINVESTMENTS.US/
219,HTTPS://362LIVEOPTION.COM/,Spain,03 Nov 2020,https://www.cnmv.es/Portal/ResultadoBusqueda.aspx?tipo=1&nombre=362LIVEOPTION.COM/
220,WWW.IQCENT.COM/ES,Spain,03 Nov 2020,https://www.cnmv.es/Portal/ResultadoBusqueda.aspx?tipo=1&nombre=WWW.IQCENT.COM/ES
221,WWW.PAYINGINVEST.COM,Spain,03 Nov 2020,https://www.cnmv.es/Portal/ResultadoBusqueda.aspx?tipo=1&nombre=WWW.PAYINGINVEST.COM
222,HTTPS://FXPLUS.CO/,Spain,03 Nov 2020,https://www.cnmv.es/Portal/ResultadoBusqueda.aspx?tipo=1&nombre=FXPLUS.CO/
223,HTTPS://FOREXLIBERTY.COM.MX/,Spain,03 Nov 2020,https://www.cnmv.es/Portal/ResultadoBusqueda.aspx?tipo=1&nombre=FOREXLIBERTY.COM.MX/
224,HTTPS://FX24OPTIONS.ORG,Spain,03 Nov 2020,https://www.cnmv.es/Portal/ResultadoBusqueda.aspx?tipo=1&nombre=FX24OPTIONS.ORG
225,HTTPS://CRUXINV.COM/ES/  (CLON),Spain,03 Nov 2020,https://www.cnmv.es/Portal/ResultadoBusqueda.aspx?tipo=1&nombre=CRUXINV.COM/ES/%20%20(CLON)
226,HTTPS://CRUX24.COM/ES/   (CLON),Spain,03 Nov 2020,https://www.cnmv.es/Portal/ResultadoBusqueda.aspx?tipo=1&nombre=CRUX24.COM/ES/%20%20%20(CLON)
227,HTTPS://FINLAY.IO/ES/,Spain,03 Nov 2020,https://www.cnmv.es/Portal/ResultadoBusqueda.aspx?tipo=1&nombre=FINLAY.IO/ES/
228,HTTPS://ENEVISLIMITED.COM/,Spain,03 Nov 2020,https://www.cnmv.es/Portal/ResultadoBusqueda.aspx?tipo=1&nombre=ENEVISLIMITED.COM/
229,HTTPS://EMPIREXCAPITAL.COM,Spain,03 Nov 2020,https://www.cnmv.es/Portal/ResultadoBusqueda.aspx?tipo=1&nombre=EMPIREXCAPITAL.COM
230,HTTPS://B2TRADES.COM,Spain,03 Nov 2020,https://www.cnmv.es/Portal/ResultadoBusqueda.aspx?tipo=1&nombre=B2TRADES.COM
231,HTTPS://ELITE-MARKET.COM/,Spain,03 Nov 2020,https://www.cnmv.es/Portal/ResultadoBusqueda.aspx?tipo=1&nombre=ELITE-MARKET.COM/
232,WWW.MARKET4FX.COM,Spain,03 Nov 2020,https://www.cnmv.es/Portal/ResultadoBusqueda.aspx?tipo=1&nombre=WWW.MARKET4FX.COM
233,HTTPS://FINSCHOOL.CO,Spain,03 Nov 2020,https://www.cnmv.es/Portal/ResultadoBusqueda.aspx?tipo=1&nombre=FINSCHOOL.CO
234,HTTPS://BEFOREXCAPITAL.COM,Spain,03 Nov 2020,https://www.cnmv.es/Portal/ResultadoBusqueda.aspx?tipo=1&nombre=BEFOREXCAPITAL.COM
235,WWW.ALPARI.ORG/ES,Spain,03 Nov 2020,https://www.cnmv.es/Portal/ResultadoBusqueda.aspx?tipo=1&nombre=WWW.ALPARI.ORG/ES
236,HTTPS://ELITEFXLTD.CLUB/,Spain,03 Nov 2020,https://www.cnmv.es/Portal/ResultadoBusqueda.aspx?tipo=1&nombre=ELITEFXLTD.CLUB/
237,HTTPS://WWW.OCTAGONTRADE.COM/ES,Spain,03 Nov 2020,https://www.cnmv.es/Portal/ResultadoBusqueda.aspx?tipo=1&nombre=WWW.OCTAGONTRADE.COM/ES
238,HTTPS://CRYPTOARB.IO/ES/,Spain,03 Nov 2020,https://www.cnmv.es/Portal/ResultadoBusqueda.aspx?tipo=1&nombre=CRYPTOARB.IO/ES/
239,HTTPS://WWW.CTXHOLDINGS.COM,Spain,03 Nov 2020,https://www.cnmv.es/Portal/ResultadoBusqueda.aspx?tipo=1&nombre=WWW.CTXHOLDINGS.COM
240,Coolbaugh Securities,United Kingdom,03 Nov 2020,https://www.fca.org.uk/news/warnings/coolbaugh-securities-llc
241,Tan Allen Piguet Asset Management,Luxembourg,03 Nov 2020,https://www.cssf.lu/en/2020/11/warning-regarding-the-activities-of-an-entity-named-tan-allen-piguet-asset-management/
242,Best Overseas Property Investments,United Kingdom,03 Nov 2020,https://www.fca.org.uk/news/warnings/best-overseas-property-investments
243,Sovereign Resources,United Kingdom,03 Nov 2020,https://www.fca.org.uk/news/warnings/sovereign-resources
244,Morgan-Kingston International Consultancy LLC,United Kingdom,03 Nov 2020,https://www.fca.org.uk/news/warnings/morgan-kingston-international-consultancy-llc
245,Best Bond Finder,United Kingdom,03 Nov 2020,https://www.fca.org.uk/news/warnings/best-bond-finder
246,Search Investment Guides,United Kingdom,03 Nov 2020,https://www.fca.org.uk/news/warnings/search-investment-guides
247,Triton Partnership Ltd,Austria,02 Nov 2020,https://www.fma.gv.at/en/triton-partnership-ltd/
248,Stanton Wade,Austria,02 Nov 2020,https://www.fma.gv.at/en/stanton-wade/
249,XTRGate or South Bay Holdings Ltd,Austria,02 Nov 2020,https://www.fma.gv.at/en/xtrgate-or-south-bay-holdings-ltd/
250,Prime Funder,Austria,02 Nov 2020,https://www.fma.gv.at/en/prime-funder/
251,MonaCoins.co,Austria,02 Nov 2020,https://www.fma.gv.at/en/monacoins-co/
252,Kolusha OU / FMR International OU (“Barons VC”),Austria,02 Nov 2020,https://www.fma.gv.at/en/kolusha-ou-fmr-international-ou-barons-vc/
253,Prime-InvestFX / Prime-InvestFX Ltd,Austria,02 Nov 2020,https://www.fma.gv.at/en/prime-investfx-prime-investfx-ltd/
254,Topukpropertybonds.co.uk,United Kingdom,02 Nov 2020,https://www.fca.org.uk/news/warnings/topukpropertybondscouk
255,Top Wealth Bonds,United Kingdom,02 Nov 2020,https://www.fca.org.uk/news/warnings/top-wealth-bonds
256,get.betterbondrate.co.uk,United Kingdom,02 Nov 2020,https://www.fca.org.uk/news/warnings/getbetterbondratecouk
257,Broker Unity / Brokerunity/ Kode Tech Solutions LTD,United Kingdom,02 Nov 2020,https://www.fca.org.uk/news/warnings/broker-unity-brokerunity-kode-tech-solutions-ltd
258,Aussie Trust,United Kingdom,02 Nov 2020,https://www.fca.org.uk/news/warnings/aussie-trust
259,UK Bonds Trust,United Kingdom,02 Nov 2020,https://www.fca.org.uk/news/warnings/uk-bonds-trust
260,The Bond Finder,United Kingdom,02 Nov 2020,https://www.fca.org.uk/news/warnings/bond-finder
261,https://everbright-sun-hung-kai-ebshk-direct.business.site,Hong Kong,02 Nov 2020,https://www.sfc.hk/en/alert-list/2644
262,KM Asset Holdings,United Kingdom,02 Nov 2020,https://www.fca.org.uk/news/warnings/km-asset-holdings
263,Bitrend,United Kingdom,02 Nov 2020,https://www.fca.org.uk/news/warnings/bitrend
264,CoinglobeFX Ltd,Luxembourg,02 Nov 2020,https://www.cssf.lu/en/2020/10/warning-regarding-the-activities-of-an-entity-named-coinglobefx/
265,https://haitongcaifu8.com,Hong Kong,02 Nov 2020,https://www.sfc.hk/en/alert-list/2643
266,AnyTrades,Portugal,30 Oct 2020,https://www.cmvm.pt/en/SDI/FinancialIntermediaries/Pages/20201030anytrades.aspx?v=
267,iCapital Consultants; I Capital Limited,Switzerland,30 Oct 2020,https://www.finma.ch/en/finma-public/warning-list/icapital-consultants-i-capital-limited/
268,Compare investment options,United Kingdom,30 Oct 2020,https://www.fca.org.uk/news/warnings/compare-investment-options
269,Segitz Finance,Switzerland,30 Oct 2020,https://www.finma.ch/en/finma-public/warning-list/segitz-finance/
270,Clairfield Consulting Group LLC,United Kingdom,30 Oct 2020,https://www.fca.org.uk/news/warnings/clairfield-consulting-group-llc
271,https://haitongcaifu1.com,Hong Kong,30 Oct 2020,https://www.sfc.hk/en/alert-list/2642
272,https://ns0t2sr3a.zy868-gjwh.com,Hong Kong,30 Oct 2020,https://www.sfc.hk/en/alert-list/2641
273,Bruckhaus Quist Limited,Hong Kong,30 Oct 2020,https://www.sfc.hk/en/alert-list/2640
274,IFSL Group,United Kingdom,29 Oct 2020,https://www.fca.org.uk/news/warnings/ifsl-group
275,Jubilee ACE Ltd.,Switzerland,29 Oct 2020,https://www.finma.ch/en/finma-public/warning-list/jubilee-ace-ltd/
276,website www.kurprinz-capital.com,Luxembourg,29 Oct 2020,https://www.cssf.lu/en/2020/10/warning-concerning-the-website-www-kurprinz-capital-com/
277,The Investment Checker,United Kingdom,29 Oct 2020,https://www.fca.org.uk/news/warnings/investment-checker
278,Uk  Bonds Index,United Kingdom,29 Oct 2020,https://www.fca.org.uk/news/warnings/uk-bonds-index
279,Compare Uk Best,United Kingdom,29 Oct 2020,https://www.fca.org.uk/news/warnings/compare-uk-best
280,best.fixedratebonds.online,United Kingdom,29 Oct 2020,https://www.fca.org.uk/news/warnings/bestfixedratebondsonline
281,The Money Market,United Kingdom,29 Oct 2020,https://www.fca.org.uk/news/warnings/money-market
282,"Fidelity International / Fidelity plc (Clone of FCA authorised firm, recognised product and UK registered company)",United Kingdom,29 Oct 2020,https://www.fca.org.uk/news/warnings/fidelity-international-plc-clone-recognised-product-and-uk-registered
283,Liverpool Victoria Financial Services (Clone of FCA authorised firm),United Kingdom,29 Oct 2020,https://www.fca.org.uk/news/warnings/liverpool-victoria-financial-services-clone-fca-authorised-firm
284,Charles Schwab & Co (Clone of FCA authorised firm),United Kingdom,29 Oct 2020,https://www.fca.org.uk/news/warnings/charles-schwab-co-clone-fca-authorised-firm
285,Capital Markets London (clone of authorised firm),United Kingdom,29 Oct 2020,https://www.fca.org.uk/news/warnings/capital-markets-london-clone-authorised-firm
286,Lending Expert (clone of FCA authorised firm),United Kingdom,29 Oct 2020,https://www.fca.org.uk/news/warnings/lending-expert-clone-fca-authorised-firm
287,Meritkapital.co (clone of FCA authorised firm),United Kingdom,29 Oct 2020,https://www.fca.org.uk/news/warnings/meritkapitalco-clone-fca-authorised-firm
288,Capital24 Option (clone of FCA authorised firm),United Kingdom,29 Oct 2020,https://www.fca.org.uk/news/warnings/capital24-option-clone-fca-authorised-firm
289,O.D.D. ASSET MANAGEMENT / ODD Asset Management (Clone of FCA authorised firm),United Kingdom,29 Oct 2020,https://www.fca.org.uk/news/warnings/odd-asset-management-odd-asset-management-clone-fca-authorised-firm
290,Wallwood Broker (clone of authorised firm),United Kingdom,29 Oct 2020,https://www.fca.org.uk/news/warnings/wallwood-broker-clone-authorised-firm
291,Scottish Widows (Clone of FCA authorised firm),United Kingdom,29 Oct 2020,https://www.fca.org.uk/news/warnings/scottish-widows-clone-fca-authorised-firm
292,EVFX (Clone of FCA authorised firm),United Kingdom,29 Oct 2020,https://www.fca.org.uk/news/warnings/evfx-clone-fca-authorised-firm
293,Etf Market UK Ltd (Clone of FCA authorised firm),United Kingdom,29 Oct 2020,https://www.fca.org.uk/news/warnings/etf-market-uk-ltd-clone-fca-authorised-firm
294,Cress Capital / Cress-Capital.com (Clone of FCA authorised firm),United Kingdom,29 Oct 2020,https://www.fca.org.uk/news/warnings/cress-capital-cress-capitalcom-clone-fca-authorised-firm
295,Safe Assurance (clone of previously EEA Authorised firm),United Kingdom,29 Oct 2020,https://www.fca.org.uk/news/warnings/safe-assurance-clone-previously-eea-authorised-firm
296,Hillwood (clone of EEA Authorised firm),United Kingdom,29 Oct 2020,https://www.fca.org.uk/news/warnings/hillwood-clone-eea-authorised-firm
297,www.xycp34.com,Hong Kong,29 Oct 2020,https://www.sfc.hk/en/alert-list/2639
298,TheKryptoBank; KryptoBank (AG),Switzerland,28 Oct 2020,https://www.finma.ch/en/finma-public/warning-list/thekryptobank-kryptobank-ag/
299,Bit Trading a trading style of ABA Exchange,United Kingdom,27 Oct 2020,https://www.fca.org.uk/news/warnings/bit-trading-trading-style-aba-exchange
300,Romeinparis,United Kingdom,27 Oct 2020,https://www.fca.org.uk/news/warnings/romeinparis
301,British Cash Loan,United Kingdom,27 Oct 2020,https://www.fca.org.uk/news/warnings/british-cash-loan
302,Stone Financial Corp,United Kingdom,27 Oct 2020,https://www.fca.org.uk/news/warnings/stone-financial-corp
303,ICB Capital,United Kingdom,27 Oct 2020,https://www.fca.org.uk/news/warnings/icb-capital
304,Toprated-bonds.com,United Kingdom,27 Oct 2020,https://www.fca.org.uk/news/warnings/topratedbonds
305,UK Bond Dictionary,United Kingdom,27 Oct 2020,https://www.fca.org.uk/news/warnings/uk-bond-dictionary
306,UK Bonds Centre,United Kingdom,27 Oct 2020,https://www.fca.org.uk/news/warnings/uk-bonds-centre
307,Axe Capital,The Netherlands,27 Oct 2020,https://www.afm.nl/nl-nl/consumenten/controleer-je-aanbieder/a/axe-capital
308,https://sam-ag.com/,Switzerland,27 Oct 2020,https://www.finma.ch/en/finma-public/warning-list/sam-ag-com/
309,HTTPS://WWW.TRADINGON.IO/,Spain,26 Oct 2020,https://www.cnmv.es/Portal/ResultadoBusqueda.aspx?tipo=1&nombre=WWW.TRADINGON.IO/
310,WWW.MARKETSI.ES (CLON),Spain,26 Oct 2020,https://www.cnmv.es/Portal/ResultadoBusqueda.aspx?tipo=1&nombre=WWW.MARKETSI.ES%20(CLON)
311,CRYPTERIUM FINANCIAL SERVICES,Spain,26 Oct 2020,https://www.cnmv.es/Portal/ResultadoBusqueda.aspx?tipo=1&nombre=CRYPTERIUM%20FINANCIAL%20SERVICES
312,HTTPS://TOLTECHFX.COM/ES/,Spain,26 Oct 2020,https://www.cnmv.es/Portal/ResultadoBusqueda.aspx?tipo=1&nombre=TOLTECHFX.COM/ES/
313,HTTPS://BITOPTIONFX.COM/,Spain,26 Oct 2020,https://www.cnmv.es/Portal/ResultadoBusqueda.aspx?tipo=1&nombre=BITOPTIONFX.COM/
314,HTTPS://BIGLIQUIDITY.COM/,Spain,26 Oct 2020,https://www.cnmv.es/Portal/ResultadoBusqueda.aspx?tipo=1&nombre=BIGLIQUIDITY.COM
315,HTTPS://FXONUS.COM/ES/,Spain,26 Oct 2020,https://www.cnmv.es/Portal/ResultadoBusqueda.aspx?tipo=1&nombre=FXONUS
316,WWW.PAISTRADE.COM,Spain,26 Oct 2020,https://www.cnmv.es/Portal/ResultadoBusqueda.aspx?tipo=1&nombre=WWW.PAISTRADE.COM
317,HTTPS://BRISTOLHISPANO.COM,Spain,26 Oct 2020,https://www.cnmv.es/Portal/ResultadoBusqueda.aspx?tipo=1&nombre=BRISTOLHISPANO.COM
318,WWW.DDTMARKETS.COM,Spain,26 Oct 2020,https://www.cnmv.es/Portal/ResultadoBusqueda.aspx?tipo=1&nombre=WWW.DDTMARKETS.COM
319,WWW.INVESTINGSCAPITALS.COM,Spain,26 Oct 2020,https://www.cnmv.es/Portal/ResultadoBusqueda.aspx?tipo=1&nombre=INVESTING%20CAPITALS
320,WWW.EARN-PROFIT.CO/,Spain,26 Oct 2020,https://www.cnmv.es/Portal/ResultadoBusqueda.aspx?tipo=1&nombre=EARN%20PROFIT
321,HTTPS://CFRESERVE.COM,Spain,26 Oct 2020,https://www.cnmv.es/Portal/ResultadoBusqueda.aspx?tipo=1&nombre=CFRESERVE.COM
322,Vuelex,France,26 Oct 2020,https://www.amf-france.org/en/news-publications/news-releases/amf-news-releases/amf-warns-public-against-vuelex
323,PetronPay,Switzerland,26 Oct 2020,https://www.finma.ch/en/finma-public/warning-list/petronpay/
324,Firstcrest bank,Switzerland,26 Oct 2020,https://www.finma.ch/en/finma-public/warning-list/firstcrest-bank/
325,Finach Bank,Switzerland,26 Oct 2020,https://www.finma.ch/en/finma-public/warning-list/finach-bank/
326,APEEX INVESTMENT & TRADINGS LTD; APEEXINVESTMENT TRADING LTD,Switzerland,23 Oct 2020,https://www.finma.ch/en/finma-public/warning-list/apeex-investment-tradings-ltd/
327,UK Bond Advisory,United Kingdom,23 Oct 2020,https://www.fca.org.uk/news/warnings/uk-bond-advisory
328,Renewable Energy Reports,United Kingdom,23 Oct 2020,https://www.fca.org.uk/news/warnings/renewable-energy-reports
329,Mutual Lending Mate,Ireland,22 Oct 2020,https://www.centralbank.ie/news/article/press-release-warning-mutual-lending-mate-16-oct-20
330,First Rate Bonds,United Kingdom,22 Oct 2020,https://www.fca.org.uk/news/warnings/first-rate-bonds
331,General Investment Partners,United Kingdom,22 Oct 2020,https://www.fca.org.uk/news/warnings/general-investment-partners
332,Property Fixed Income,United Kingdom,21 Oct 2020,https://www.fca.org.uk/news/warnings/property-fixed-income
333,YLP & Co,United Kingdom,21 Oct 2020,https://www.fca.org.uk/news/warnings/ylp-co
334,Search Investments Now,United Kingdom,21 Oct 2020,https://www.fca.org.uk/news/warnings/search-investments-now
335,Robert Werth Financial Solutions,United Kingdom,21 Oct 2020,https://www.fca.org.uk/news/warnings/robert-werth-financial-solutions-clone-fca-authorised-firm
336,MARKETFORNOW (a trading style of DaViko Business LTD),United Kingdom,21 Oct 2020,https://www.fca.org.uk/news/warnings/marketfornow-trading-style-daviko-business-ltd
337,Tenant Assist,United Kingdom,21 Oct 2020,https://www.fca.org.uk/news/warnings/tenant-assist
338,www.oasis-im.com,Hong Kong,21 Oct 2020,https://www.sfc.hk/en/alert-list/2638
339,Eirgon,United Kingdom,20 Oct 2020,https://www.fca.org.uk/news/warnings/eirgon
340,Staunch Capital / Staunch Capital Investment,United Kingdom,20 Oct 2020,https://www.fca.org.uk/news/warnings/staunch-capital-staunch-capital-investment
341,thebondlab.com,United Kingdom,20 Oct 2020,https://www.fca.org.uk/news/warnings/thebondlabcom
342,24Cash Lender  /  24 Cash Lender,United Kingdom,20 Oct 2020,https://www.fca.org.uk/news/warnings/24cash-lender-24-cash-lender
343,AU-F / AUF Limited,United Kingdom,20 Oct 2020,https://www.fca.org.uk/news/warnings/au-f-auf-limited
344,Uk  Bonds Index,United Kingdom,20 Oct 2020,https://www.fca.org.uk/news/warnings/uk-bonds-index
345,Easy Money Loan,United Kingdom,20 Oct 2020,https://www.fca.org.uk/news/warnings/easy-money-loan
346,website www.alpha-prevoyance.com,Luxembourg,19 Oct 2020,https://www.cssf.lu/en/2020/10/warning-concerning-the-website-www-alpha-prevoyance-com/
347,Bariseau Capital Management (Clone of an EEA Authorised firm),United Kingdom,19 Oct 2020,https://www.fca.org.uk/news/warnings/bariseau-capital-management-clone-eea-authorised-firm
348,Norden Wealth Management (clone of previously EEA authorised firm),United Kingdom,19 Oct 2020,https://www.fca.org.uk/news/warnings/norden-wealth-management-clone-previously-eea-authorised-firm
349,Virgin Money (clone of FCA authorised firm),United Kingdom,19 Oct 2020,https://www.fca.org.uk/news/warnings/virgin-money-clone-fca-authorised-firm
350,Moneycorp Life and Wealth Invesment Management (Clone of EEA authorised firm),United Kingdom,19 Oct 2020,https://www.fca.org.uk/news/warnings/moneycorp-life-and-wealth-investment-management-clone-eea-authorised-firm
351,Aegon London (Clone of an FCA authorised firm),United Kingdom,19 Oct 2020,https://www.fca.org.uk/news/warnings/aegon-london-clone-fca-authorised-firm
352,Infinity Loans / Chetwood Financial (clone of an FCA authorised firm),United Kingdom,19 Oct 2020,https://www.fca.org.uk/news/warnings/infinity-loans-chetwood-financial-clone-fca-authorised-firm
353,Uk Bonds Directory,United Kingdom,19 Oct 2020,https://www.fca.org.uk/news/warnings/uk-bonds-directory
354,Remington Securities LLC,United Kingdom,19 Oct 2020,https://www.fca.org.uk/news/warnings/remington-securities-llc
355,"Fintech Software Inc, Oproserv Limited, Leadernet OU, Raw Trading,
 Brokermasters GrahamFE FinServices and Elit Property Vision, Digital 
Exchange Limited and Securex Plus Solutions EOOD",Italy,19 Oct 2020,http://www.consob.it/web/consob-and-its-activities/warnings?viewId=ultime_com_tutela
356,Clara Currency Analyst  /  Clara Forex Analyst,United Kingdom,19 Oct 2020,https://www.fca.org.uk/news/warnings/clara-currency-analyst-clara-forex-analyst
357,First Class Financial Group sp. z o.o.,Poland,19 Oct 2020,https://www.knf.gov.pl/en/CONSUMERS/Information_for_the_financial_market_consumers/Public_warnings
358,RTTFX,United Kingdom,19 Oct 2020,https://www.fca.org.uk/news/warnings/rttfx
359,Company Cubic Services Ltd.,Poland,19 Oct 2020,https://www.knf.gov.pl/en/CONSUMERS/Information_for_the_financial_market_consumers/Public_warnings
360,Howden Global Acquisition Group,New Zealand,18 Oct 2020,https://www.fma.govt.nz/news-and-resources/warnings-and-alerts/howden-global-acquisition-group/
361,United Commonwealth Financial Protection Board,New Zealand,18 Oct 2020,https://www.fma.govt.nz/news-and-resources/warnings-and-alerts/united-commonwealth-financial-protection-board
362,Insta Lend,United Kingdom,16 Oct 2020,https://www.fca.org.uk/news/warnings/insta-lend
363,Furmann & Partner AG,Switzerland,16 Oct 2020,https://www.finma.ch/en/finma-public/warning-list/furmann-partner-ag/
364,Binvesting,United Kingdom,16 Oct 2020,https://www.fca.org.uk/news/warnings/binvesting
365,ProFinanzen,Switzerland,16 Oct 2020,https://www.finma.ch/en/finma-public/warning-list/profinanzen/
366,Tygrysia Maska sp. z o.o.,Poland,15 Oct 2020,https://www.knf.gov.pl/en/CONSUMERS/Information_for_the_financial_market_consumers/Public_warnings
367,The Investment Checker,United Kingdom,15 Oct 2020,https://edit.fca.org.uk/node/70741/latest
368,BTCDuke sp. z o.o.,Poland,15 Oct 2020,https://www.knf.gov.pl/en/CONSUMERS/Information_for_the_financial_market_consumers/Public_warnings
369,Avex Capital,Sweden,15 Oct 2020,https://www.fi.se/en/our-registers/investor-alerts/
370,Fortuna Private Investments,Sweden,15 Oct 2020,https://www.fi.se/en/our-registers/investor-alerts/
371,Fundusz Hipoteczny Yanok sp. z o.o.,Poland,15 Oct 2020,https://www.knf.gov.pl/en/CONSUMERS/Information_for_the_financial_market_consumers/Public_warnings
372,Independent Financial Securities,United Kingdom,15 Oct 2020,https://www.fca.org.uk/news/warnings/independent-financial-securities
373,Banknocik Pionki Patryk Dzięcioł,Poland,15 Oct 2020,https://www.knf.gov.pl/en/CONSUMERS/Information_for_the_financial_market_consumers/Public_warnings
374,website www.pimalo-invest.com,Luxembourg,15 Oct 2020,https://www.cssf.lu/en/2020/10/warning-concerning-the-website-www-pimalo-invest-com/
375,Crown-Thompson Global Wealth Management LLC,United Kingdom,15 Oct 2020,https://www.fca.org.uk/news/warnings/crown-thompson-global-wealth-management-llc
376,Uplevel Investments,United Kingdom,15 Oct 2020,https://www.fca.org.uk/news/warnings/uplevel-investments
377,HTTPS://THECAPITALSTOCKS.COM,Spain,13 Oct 2020,https://www.cnmv.es/Portal/ResultadoBusqueda.aspx?tipo=1&nombre=THECAPITALSTOCKS.COM
378,HTTPS://COINEPRO.COM,Spain,13 Oct 2020,https://www.cnmv.es/Portal/ResultadoBusqueda.aspx?tipo=1&nombre=COINEPRO.COM
379,MONETHERA GROUP OÜ,Spain,13 Oct 2020,https://www.cnmv.es/Portal/ResultadoBusqueda.aspx?tipo=1&nombre=MONETHERA%20GROUP%20O%C3%9C
380,RICHMONDFX,Spain,13 Oct 2020,https://www.cnmv.es/Portal/ResultadoBusqueda.aspx?tipo=1&nombre=RICHMONDFX
381,VIVAEXCHANGE O.U.,Spain,13 Oct 2020,https://www.cnmv.es/Portal/ResultadoBusqueda.aspx?tipo=1&nombre=VIVAEXCHANGE%20O.U.
382,POWERMINE,Spain,13 Oct 2020,https://www.cnmv.es/Portal/ResultadoBusqueda.aspx?tipo=1&nombre=POWERMINE
383,Kuvera Global,Portugal,13 Oct 2020,https://www.cmvm.pt/en/SDI/FinancialIntermediaries/Pages/20201013mck.aspx?v=
384,Steep Financial Services Inc,United Kingdom,13 Oct 2020,https://www.fca.org.uk/news/warnings/steep-financial-services-inc
385,Inquot Investing Group,United Kingdom,13 Oct 2020,https://www.fca.org.uk/news/warnings/inquot-investing-group
386,JMS Bonds (clone of EEA authorised firm),United Kingdom,12 Oct 2020,https://www.fca.org.uk/news/warnings/jms-bonds-clone-eea-authorised-firm
387,Ambrosia Asset Management UK (clone of formerly EEA authorised firm),United Kingdom,12 Oct 2020,https://www.fca.org.uk/news/warnings/ambrosia-asset-management-uk-clone-formerly-eea-authorised-firm
388,Fundamental Index Emerging Equity Fund (clone of a recognised product),United Kingdom,12 Oct 2020,https://www.fca.org.uk/news/warnings/fundamental-index-emerging-equity-fund-clone-recognised-product
389,Aviva Investment Solutions (clone of authorised firm),United Kingdom,12 Oct 2020,https://www.fca.org.uk/news/warnings/aviva-investment-solutions-clone-authorised-firm
390,Natixis life and wealth investment Management (clone of EEA authorised firm),United Kingdom,12 Oct 2020,https://www.fca.org.uk/news/warnings/natixis-life-and-wealth-investment-management-clone-eea-authorised-firm
391,Allianz Private Investors (Clone of EEA authorised firm),United Kingdom,12 Oct 2020,https://www.fca.org.uk/news/warnings/allianz-private-investors-clone-eea-authorised-firm
392,Lyon Royal Equity Wealth Management (Clone of an EEA authorised firm),United Kingdom,12 Oct 2020,https://www.fca.org.uk/news/warnings/lyon-royal-equity-wealth-management-clone-eea-authorised-firm
393,ZFX Club  (clone of an fCA authorised firm),United Kingdom,12 Oct 2020,https://www.fca.org.uk/news/warnings/zfx-club-clone-fca-authorised-firm
394,Traderia (A trading style of Pro Star Griffith Corporate Limited),United Kingdom,12 Oct 2020,https://www.fca.org.uk/news/warnings/traderia-trading-style-pro-star-griffith-corporate-limited
395,ICS Hire Limited,United Kingdom,12 Oct 2020,https://www.fca.org.uk/news/warnings/ics-claims-claiming-be-trading-name-ics-hire-limited-clone-authorised-firm
396,Capital Way Group  /  Capital Group,United Kingdom,12 Oct 2020,https://www.fca.org.uk/news/warnings/capital-way-group-capital-group
397,Trade Centre,United Kingdom,12 Oct 2020,https://www.fca.org.uk/news/warnings/trade-center
398,Atlas Global Recovery Solutions,United Kingdom,12 Oct 2020,https://www.fca.org.uk/news/warnings/atlas-global-recovery-solutions
399,"MyCapital, Tradixa Ltd, Astrica Ltd, Globalix Ltd, richemontson",Italy,12 Oct 2020,http://www.consob.it/web/consob-and-its-activities/warnings?viewId=ultime_com_tutela
400,Infinity Trust Management,Luxembourg,12 Oct 2020,https://www.cssf.lu/en/2020/10/warning-regarding-the-activities-of-an-entity-named-infinity-trust-management/
401,Equal Real Estate SA,Poland,09 Oct 2020,https://www.knf.gov.pl/en/CONSUMERS/Information_for_the_financial_market_consumers/Public_warnings
402,Sekrata Sp. Z O.O.,Poland,09 Oct 2020,https://www.knf.gov.pl/en/CONSUMERS/Information_for_the_financial_market_consumers/Public_warnings
403,Grand Marshall Ltd,Poland,09 Oct 2020,https://www.knf.gov.pl/en/CONSUMERS/Information_for_the_financial_market_consumers/Public_warnings
404,Crumpler Securities LLC,United Kingdom,09 Oct 2020,https://www.fca.org.uk/news/warnings/crumpler-securities-llc
405,Brokerz.com,Bulgaria,08 Oct 2020,https://www.fsc.bg/en/news/fsc-warns-all-the-consumers-10040.html
406,Parilease (UK) Wealth Management,Switzerland,08 Oct 2020,https://www.finma.ch/en/finma-public/warning-list/parilease-uk-wealth-management/
407,Barkley Associates,Switzerland,08 Oct 2020,https://www.finma.ch/en/finma-public/warning-list/barkley-associates/
408,My Disrepair Claim,United Kingdom,08 Oct 2020,https://www.fca.org.uk/news/warnings/my-disrepair-claim
409,Renewable Energy investor,United Kingdom,08 Oct 2020,https://www.fca.org.uk/news/warnings/renewable-energy-investor
410,Prime Investments,United Kingdom,08 Oct 2020,https://www.fca.org.uk/news/warnings/prime-investments
411,Premier Bonds,United Kingdom,08 Oct 2020,https://www.fca.org.uk/news/warnings/premier-bonds
412,Royal Banc,Luxembourg,08 Oct 2020,https://www.cssf.lu/en/2020/10/warning-concerning-an-entity-named-royal-banc/
413,UK Bonds Club,United Kingdom,07 Oct 2020,https://www.fca.org.uk/news/warnings/uk-bonds-club
414,UK North Bonds,United Kingdom,07 Oct 2020,https://www.fca.org.uk/news/warnings/uk-north-bonds
415,UK Gilts Community,United Kingdom,07 Oct 2020,https://www.fca.org.uk/news/warnings/uk-gilts-community
416,UK Fixed Bonds Community,United Kingdom,07 Oct 2020,https://www.fca.org.uk/news/warnings/uk-fixed-bonds-community
417,Property Investor Expert,United Kingdom,07 Oct 2020,https://www.fca.org.uk/news/warnings/property-investor-expert
418,Neo-Chain,Switzerland,07 Oct 2020,https://www.finma.ch/en/finma-public/warning-list/neo-chain/
419,Royals FX,New Zealand,07 Oct 2020,https://www.fma.govt.nz/news-and-resources/warnings-and-alerts/royals-fx
420,Bubblext,United Kingdom,06 Oct 2020,https://www.fca.org.uk/news/warnings/bubblext
421,HTTP://ARBISTAR.COM,Spain,06 Oct 2020,https://www.cnmv.es/Portal/ResultadoBusqueda.aspx?tipo=1&nombre=ARBISTAR.COM
422,ADI INTERNATIONAL BUSINESS (MARBELLA),Spain,06 Oct 2020,https://www.cnmv.es/Portal/ResultadoBusqueda.aspx?tipo=1&nombre=ADI%20INTERNATIONAL%20BUSINESS%20(MARBELLA)
423,HTTPS://T2TRADE.COM/,Spain,06 Oct 2020,https://www.cnmv.es/Portal/ResultadoBusqueda.aspx?tipo=1&nombre=T2TRADE.COM/
424,WWW.LMFX.COM/,Spain,06 Oct 2020,https://www.cnmv.es/Portal/ResultadoBusqueda.aspx?tipo=1&nombre=WWW.LMFX.COM/
425,WWW.ITCOLATAM.COM/,Spain,06 Oct 2020,https://www.cnmv.es/Portal/ResultadoBusqueda.aspx?tipo=1&nombre=WWW.ITCOLATAM.COM/
426,HTTPS://INVESTCAPITALBTC.COM/,Spain,06 Oct 2020,https://www.cnmv.es/Portal/ResultadoBusqueda.aspx?tipo=1&nombre=INVESTCAPITALBTC.COM/
427,HTTPS://FINMAXFX.COM/ES,Spain,06 Oct 2020,https://www.cnmv.es/Portal/ResultadoBusqueda.aspx?tipo=1&nombre=FINMAXFX.COM/ES
428,HTTP://FINANCENTER.COM.MX/,Spain,06 Oct 2020,https://www.cnmv.es/Portal/ResultadoBusqueda.aspx?tipo=1&nombre=FINANCENTER.COM.MX/
429,Elite Traders Trading Services LTD / Prime Technologies LTD,Austria,06 Oct 2020,https://www.fma.gv.at/en/elite-traders-trading-services-ltd-prime-technologies-ltd/
430,Royal Gates LTD (FxPrime),Austria,06 Oct 2020,https://www.fma.gv.at/en/royal-gates-ltd-fxprime/
431,Krisimark Ltd,Austria,06 Oct 2020,https://www.fma.gv.at/en/krisimark-ltd/
432,InterCryptos Ltd,Austria,06 Oct 2020,https://www.fma.gv.at/en/intercryptos-ltd/
433,WilliamPartners,Austria,06 Oct 2020,https://www.fma.gv.at/en/williampartners/
434,Osaka Matsui Management,Austria,06 Oct 2020,https://www.fma.gv.at/en/osaka-matsui-management/
435,Blackstone500,Austria,06 Oct 2020,https://www.fma.gv.at/en/blackstone500/
436,Investment Management Co. Pty Ltd,Hong Kong,06 Oct 2020,https://www.sfc.hk/en/alert-list/2637
437,FXMarket / XMFX,Hong Kong,05 Oct 2020,https://www.sfc.hk/en/alert-list/2635
438,ABN AMRO Private Bank (clone of EEA authorised firm),United Kingdom,05 Oct 2020,https://www.fca.org.uk/news/warnings/abn-amro-private-bank-clone-eea-authorised-firm
439,Finanza-Invest (clone of FCA authorised firm),United Kingdom,05 Oct 2020,https://www.fca.org.uk/news/warnings/finanza-invest-clone-fca-authorised-firm
440,Luxeeforex (Clone of Appointed Representative firm),United Kingdom,05 Oct 2020,https://www.fca.org.uk/news/warnings/luxeeforex-clone-appointed-representative-firm
441,Luxeeforex (Clone of Appointed Representative firm),United Kingdom,05 Oct 2020,https://www.fca.org.uk/news/warnings/luxeeforex-clone-appointed-representative-firm
442,Bluebird Options Limited (clone of FCA authorised firm),United Kingdom,05 Oct 2020,https://www.fca.org.uk/news/warnings/bluebird-options-limited-clone-authorised-firm
443,Fred Robert Loan Company (clone of authorised firm),United Kingdom,05 Oct 2020,https://www.fca.org.uk/news/warnings/fred-robert-loan-company-clone-authorised-firm
444,Prudential Bonds / Prudential Financial Planning (clone of authorised firm),United Kingdom,05 Oct 2020,https://www.fca.org.uk/news/warnings/prudential-bonds-prudential-financial-planning-clone-authorised-firm
445,MJT Bonds (clone of EEA authorised firm),United Kingdom,05 Oct 2020,https://www.fca.org.uk/news/warnings/mjt-bonds-clone-eea-authorised-firm
446,Jetloan (Clone of FCA authorised firm),United Kingdom,05 Oct 2020,https://www.fca.org.uk/news/warnings/jetloan-clone-fca-authorised-firm
447,Blackrock Bonds (Clone of FCA authorised firm),United Kingdom,05 Oct 2020,https://www.fca.org.uk/news/warnings/blackrock-bonds-clone-fca-authorised-firm
448,Prudential (Clone of FCA recognised product and UK registered company),United Kingdom,05 Oct 2020,https://www.fca.org.uk/news/warnings/prudential-clone-fca-recognised-product-and-uk-registered-company
449,Principle Forsakrings Holdings (clone of EEA authorised firm),United Kingdom,05 Oct 2020,https://www.fca.org.uk/news/warnings/principle-forsakrings-holdings-clone-eea-authorised-firm
450,Sands Capital (Clone of an FCA Recognised Product),United Kingdom,05 Oct 2020,https://www.fca.org.uk/news/warnings/sands-capital-clone-fca-recognised-product
451,Saxo Bank/ Saxo Capital (Clone of an EEA Authorised firm and an FCA authorised firm),United Kingdom,05 Oct 2020,https://www.fca.org.uk/news/warnings/saxo-bank-saxo-capital-clone-eea-authorised-firm-and-fca-authorised-firm
452,Friends & Pro Loans,United Kingdom,05 Oct 2020,https://www.fca.org.uk/news/warnings/friends-pro-loans
453,ELG Capital Partners,France,05 Oct 2020,https://www.amf-france.org/en/news-publications/news-releases/amf-news-releases/amf-warns-public-against-elg-capital-partners-and-its-website-wwwelgcapitalpartnersfr
454,IFDC Capital Management LLC,Hong Kong,05 Oct 2020,https://www.sfc.hk/en/alert-list/2634
455,www.bgifx.com,Hong Kong,05 Oct 2020,https://www.sfc.hk/EN/alert-list/2633
456,ISA Help,United Kingdom,02 Oct 2020,https://www.fca.org.uk/news/warnings/isa-help
457,Housing Disrepair Claims Direct,United Kingdom,02 Oct 2020,https://www.fca.org.uk/news/warnings/housing-disrepair-claims-direct
458,UK Savings Accounts,United Kingdom,02 Oct 2020,https://www.fca.org.uk/consumers/unauthorised-firms-individuals
459,BCP Private,Portugal,02 Oct 2020,https://www.cmvm.pt/en/SDI/FinancialIntermediaries/Pages/20201002d.aspx?v=
460,Global Pegasus Ltd,Portugal,02 Oct 2020,https://www.cmvm.pt/en/SDI/FinancialIntermediaries/Pages/20201002mcg.aspx?v=
461,Kronos Invest Ltd,Portugal,02 Oct 2020,https://www.cmvm.pt/en/SDI/FinancialIntermediaries/Pages/20201002mck.aspx?v=
462,Global Markets and Cubic Services Ltd,Portugal,02 Oct 2020,https://www.cmvm.pt/en/SDI/FinancialIntermediaries/Pages/20201002a.aspx?v=
463,website https://leveltrades.com,Luxembourg,02 Oct 2020,https://www.cssf.lu/en/2020/10/warning-concerning-the-website-https-leveltrades-com/
464,Connect Finances,United Kingdom,02 Oct 2020,https://www.fca.org.uk/news/warnings/connect-finances
465,Tradebase24,United Kingdom,02 Oct 2020,https://www.fca.org.uk/news/warnings/tradebase24
466,SMI Markets,United Kingdom,02 Oct 2020,https://www.fca.org.uk/news/warnings/smi-markets
467,Interactive Trade,United Kingdom,02 Oct 2020,https://www.fca.org.uk/news/warnings/interactive-trade
468,Property Fixed Income,United Kingdom,01 Oct 2020,https://www.fca.org.uk/news/warnings/property-fixed-income
469,Renewable Energy Investor,United Kingdom,01 Oct 2020,https://www.fca.org.uk/news/warnings/renewable-energy-investor
470,Sadi Finance,United Kingdom,01 Oct 2020,https://www.fca.org.uk/news/warnings/sadi-finance
471,OFC Markets,United Kingdom,01 Oct 2020,https://www.fca.org.uk/news/warnings/ofc-markets
472,Claims Advice Bureau (Clone of an FCA authorised firm),United Kingdom,01 Oct 2020,https://www.fca.org.uk/news/warnings/claims-advice-bureau-clone-fca-authorised-firm
473,Fixed Rate Investment Reports,United Kingdom,01 Oct 2020,https://www.fca.org.uk/news/warnings/fixed-rate-investment-reports
474,Compare APR Rates,United Kingdom,01 Oct 2020,https://www.fca.org.uk/news/warnings/compare-apr-rates
475,Pounds to Wallet,United Kingdom,01 Oct 2020,https://www.fca.org.uk/news/warnings/pounds-wallet
476,Pounds to Wallet,United Kingdom,01 Oct 2020,https://www.fca.org.uk/news/warnings/pounds-wallet
477,Fast Easy Cash,United Kingdom,01 Oct 2020,https://www.fca.org.uk/news/warnings/fast-easy-cash
478,Credit Finance Corporation,United Kingdom,01 Oct 2020,https://www.fca.org.uk/news/warnings/credit-finance-corporation
479,MCManagement,United Kingdom,01 Oct 2020,https://www.fca.org.uk/news/warnings/mcmanagement
480,FR Investments/First Response Investments,United Kingdom,01 Oct 2020,https://www.fca.org.uk/news/warnings/fr-investments-first-response-investments
481,Bond Guru,United Kingdom,01 Oct 2020,https://www.fca.org.uk/news/warnings/bond-guru
